{
  "cv_mean_acc": 0.9025205034172362,
  "cv_std_acc": 0.002690571727117217
}