{
  "cv_mean_acc": 0.9044541090181696,
  "cv_std_acc": 0.002761481153858563
}